存储名,起草单位,机构
GB 17625.1-2003.docx,起草单位,国家电力公司武汉高压研究所
GB 17625.1-2003.docx,起草单位,山西电力科学研究院
GB 17625.1-2003.docx,起草单位,上海电动工具研究所
GB 17625.1-2003.docx,起草单位,信息产业部第三研究所
GB 17625.1-2003.docx,起草单位,中国家用电器研究所
GB 17625.1-2003.docx,起草单位,信息产业部第五研究所
GB 17625.1-2012.docx,起草单位,中国电力科学研究院
GB 17625.1-2012.docx,起草单位,上海电动工具研究所
GB 17625.1-2012.docx,起草单位,中国电子科技集团公司第三研究所
GB 17625.1-2012.docx,起草单位,中国家用电器研究院
GB 17625.1-2012.docx,起草单位,工业和信息化部电子第五研究所
GB 17625.1-2012.docx,起草单位,苏州出入境检验检疫局
GB 17625.1-2012.docx,起草单位,中国电子技术标准化研究所
GB 17625.1-2012.docx,起草单位,浙江阳光照明电器集团股份有限公司
GB 17625.1-2012.docx,起草单位,联想集团
GB 17743-2007.docx,起草单位,上海市照明灯具研究所
GB 17743-2007.docx,起草单位,广州电器科学研究院
GB 17743-2007.docx,起草单位,飞利浦（中国）投资有限公司
GB 17743-2007.docx,起草单位,广州市九佛电器有限公司
GB 17743-2007.docx,起草单位,上海时代之光照明电器检测有限公司
GB 17799.4-2001.docx,起草单位,上海电器科学研究所	
GB 17799.4-2012.docx,起草单位,上海电器科学研究院	
GB 19000-2008.docx,起草单位,中国标准化研究院
GB 19000-2008.docx,起草单位,中国合格评定国家认可中心
GB 19000-2008.docx,起草单位,中国质量认证中心
GB 19000-2008.docx,起草单位,中国建筑材料检验认证中心
GB 19000-2008.docx,起草单位,方圆标志认证集团有限公司
GB 19000-2008.docx,起草单位,北京索尔维斯企业管理咨询中心
GB 19000-2008.docx,起草单位,深圳环通认证中心
GB 20527.1-2006.docx,起草单位,中国标准化研究院
GB 20527.1-2006.docx,起草单位,联想集团
GB 20527.1-2006.docx,起草单位,总后军需装备研究所
GB 20527.1-2006.docx,起草单位,清华大学
GB 20527.1-2006.docx,起草单位,空军航空医学研究所
GB 20527.3-2006.docx,起草单位,中国标准化研究院
GB 20527.3-2006.docx,起草单位,联想集团
GB 20527.3-2006.docx,起草单位,空军航空医学研究所
GB 20527.3-2006.docx,起草单位,总后军需装备研究所
GB 20527.3-2006.docx,起草单位,清华大学
GB 2423.38-2005.docx,起草单位,中国船舶重工集团公司标准化研究中心
GB 6109.1-2008.docx,起草单位,上海电缆研究所	
GB 6109.2-2008.docx,起草单位,上海电缆研究所	
GB 6109.3-2008.docx,起草单位,上海电缆研究所	
GB 6109.4-2008.docx,起草单位,上海电缆研究所	
GB 6109.5-2008.docx,起草单位,上海电缆研究所	
GB 6109.6-2008.docx,起草单位,上海电缆研究所	
GB 6109.7-2008.docx,起草单位,上海电缆研究所	
GB 8897.4-2008.docx,起草单位,国家轻工业电池质量监督检测中心
GB 8897.4-2008.docx,起草单位,福建南平南孚电池有限公司
GB 8897.4-2008.docx,起草单位,成都建中锂电池有限公司
GB 8897.4-2008.docx,起草单位,吴江出入境检验检疫局
GB 8897.4-2008.docx,起草单位,常州达立电池有限公司
GB 8897.4-2008.docx,起草单位,力佳电源科技（深圳）有限公司	
GB 9364.2-1997.docx,起草单位,电子工业部标准化研究所
GB-T 10593.2-2012.docx,起草单位,中国电器科学研究院有限公司，中国船舶重工集团公司第七O四研究所
GB-T 10920-2008.docx,起草单位,成都成量工具有限公司	
GB-T 11606-2007.docx,起草单位,北京分析仪器研究所
GB-T 11606-2007.docx,起草单位,北京北分瑞利分析仪器（集团）有限责任公司
GB-T 11606-2007.docx,起草单位,上海精密科学仪器有限公司分析仪器总厂
GB-T 11606-2007.docx,起草单位,上海精密科学仪器有限公司雷磁仪器厂
GB-T 11606-2007.docx,起草单位,重庆川仪九厂
GB-T 11606-2007.docx,起草单位,南京分析仪器厂有限公司
GB-T 11606-2007.docx,起草单位,成都仪器厂
GB-T 11685-2003.docx,起草单位,核工业标准化研究所
GB-T 12085.17-2011.docx,起草单位,上海理工大学
GB-T 12085.17-2011.docx,起草单位,宁波永新光学股份有限公司
GB-T 12085.17-2011.docx,起草单位,江南永新光学有限公司
GB-T 12085.17-2011.docx,起草单位,南京东利来光电实业有限公司
GB-T 12085.17-2011.docx,起草单位,宁波市教学仪器有限公司
GB-T 12085.17-2011.docx,起草单位,宁波华光精密仪器有限公司
GB-T 12085.17-2011.docx,起草单位,梧州奥卡光学仪器公司
GB-T 12085.17-2011.docx,起草单位,宁波舜宇仪器有限公司
GB-T 12085.17-2011.docx,起草单位,广州粤显光学仪器有限责任公司
GB-T 12085.17-2011.docx,起草单位,麦克奥迪实业集团有限公司
GB-T 12085.17-2011.docx,起草单位,重庆光电仪器有限公司
GB-T 12085.17-2011.docx,起草单位,贵阳新天光电科技有限公司
GB-T 1216-2004.docx,起草单位,成都工具研究所
GB-T 1216-2004.docx,起草单位,安徽出入境检验检疫局
GB-T 1216-2004.docx,起草单位,安徽量具刃具厂
GB-T 1219-2008.docx,起草单位,哈尔滨量具刃具集团有限责任公司	
GB-T 1224-1999.docx,起草单位,云南光学仪器厂
GB-T 1224-1999.docx,起草单位,中国兵器工业标准化研究所
GB-T 1226-2001.docx,起草单位,西安工业自动化仪表研究所
GB-T 1226-2001.docx,起草单位,无锡市特种压力表厂
GB-T 1226-2001.docx,起草单位,浙江红旗仪表厂
GB-T 1226-2001.docx,起草单位,青岛华青仪表（集团）有限公司
GB-T 1226-2001.docx,起草单位,北京布莱迪仪器仪表有限公司
GB-T 1226-2001.docx,起草单位,上海减压器厂
GB-T 1226-2001.docx,起草单位,上海自动化仪表四厂
GB-T 1226-2001.docx,起草单位,宝鸡仪表有限公司
GB-T 1227-2002.docx,起草单位,西安工业自动化仪表研究所
GB-T 1227-2002.docx,起草单位,中国红旗仪表有限公司
GB-T 1227-2002.docx,起草单位,西仪集团有限责任公司压力仪表分厂
GB-T 1227-2002.docx,起草单位,阳泉仪表有限责任公司
GB-T 12572-2008.docx,起草单位,国家无线电监测中心
GB-T 12572-2008.docx,起草单位,总参无线电管理技术总站
GB-T 12859.1-2012.docx,起草单位,中国电子元件行业协会压电晶体分会，浙江嘉康电子股份有限公司
GB-T 12859.2-2012.docx,起草单位,中国电子元件行业协会压电晶体分会，浙江嘉康电子股份有限公司
GB-T 13619-2009.docx,起草单位,国家无线电监测中心
GB-T 14394-2008.docx,起草单位,中国电子技术标准化研究所
GB-T 14394-2008.docx,起草单位,山东省计算中心
GB-T 14598.10-2007.docx,起草单位,南京南瑞继保电气有限公司
GB-T 14598.10-2007.docx,起草单位,北京四方继保自动化股份有限公司
GB-T 14598.10-2007.docx,起草单位,国电南京自动化股份有限公司
GB-T 14598.10-2007.docx,起草单位,国家继电器质量监督检验中心
GB-T 14598.10-2007.docx,起草单位,许继电气股份有限公司
GB-T 14598.10-2007.docx,起草单位,阿城继电器股份有限公司
GB-T 14598.10-2007.docx,起草单位,上海继电器有限公司
GB-T 14598.10-2007.docx,起草单位,山东积成电子股份有限公司
GB-T 14598.10-2007.docx,起草单位,烟台东方电子信息产业股份有限公司
GB-T 14598.10-2007.docx,起草单位,北海银河高科技股份有限公司
GB-T 14598.10-2007.docx,起草单位,河北电力自动化研究所有限公司
GB-T 14598.10-2007.docx,起草单位,北京紫光测控有限公司
GB-T 14598.10-2007.docx,起草单位,上海三基电子工业有限公司
GB-T 14598.10-2007.docx,起草单位,中国电力科学研究院
GB-T 14598.10-2012.docx,起草单位,南京南瑞继保电气有限公司
GB-T 14598.10-2012.docx,起草单位,国电南京自动化股份有限公司
GB-T 14598.10-2012.docx,起草单位,许昌智能电网装备试验研究院
GB-T 14598.10-2012.docx,起草单位,许继电气股份有限公司
GB-T 14598.10-2012.docx,起草单位,北京四方继保自动化股份有限公司
GB-T 14598.10-2012.docx,起草单位,许昌开普电器检测研究院
GB-T 14598.10-2012.docx,起草单位,珠海万力达电气股份有限公司
GB-T 14598.10-2012.docx,起草单位,北京紫光测控有限公司
GB-T 14598.10-2012.docx,起草单位,东方电子股份有限公司
GB-T 14598.10-2012.docx,起草单位,积成电子股份有限公司
GB-T 14598.10-2012.docx,起草单位,上海继电器有限公司
GB-T 14598.10-2012.docx,起草单位,河北北恒电气科技有限公司
GB-T 14598.10-2012.docx,起草单位,上海天正明日电力自动化有限公司
GB-T 14598.10-2012.docx,起草单位,ABB（中国）有限公司
GB-T 14598.10-2012.docx,起草单位,施耐德电气（中国）投资有限公司
GB-T 14598.10-2012.docx,起草单位,江苏金智科技股份有限公司
GB-T 14598.10-2012.docx,起草单位,西门子电力自动化有限公司
GB-T 14598.13-1998.docx,起草单位,机械部许昌继电器研究所
GB-T 14598.13-1998.docx,起草单位,电力部电力自动化研究院
GB-T 14598.13-1998.docx,起草单位,电力部南京电力自动化设备总厂
GB-T 14598.13-2008.docx,起草单位,国家继电保护及自动化设备质量监督检验中心
GB-T 14598.13-2008.docx,起草单位,南京南瑞继保电气有限公司
GB-T 14598.13-2008.docx,起草单位,北京四方继保自动化股份有限公司
GB-T 14598.13-2008.docx,起草单位,国电南京自动化股份有限公司
GB-T 14598.13-2008.docx,起草单位,北京紫光测控有限公司
GB-T 14598.13-2008.docx,起草单位,河北省电力公司
GB-T 14598.13-2008.docx,起草单位,珠海万力达电气股份有限公司
GB-T 14598.13-2008.docx,起草单位,烟台东方电子信息产业股份有限公司
GB-T 14598.13-2008.docx,起草单位,许继电气股份有限公司
GB-T 14598.13-2008.docx,起草单位,许昌继电器研究所
GB-T 14598.14-1998.docx,起草单位,机械工业部许昌继电器研究所
GB-T 14598.14-1998.docx,起草单位,电力部电力自动化研究院
GB-T 14598.14-1998.docx,起草单位,电力部南京电力自动化设备总厂
GB-T 14598.14-2010.docx,起草单位,许继电气股份有限公司
GB-T 14598.14-2010.docx,起草单位,北京四方继保自动化股份有限公司
GB-T 14598.14-2010.docx,起草单位,南京南瑞继保电气有限公司
GB-T 14598.14-2010.docx,起草单位,国电南京自动化股份有限公司
GB-T 14598.14-2010.docx,起草单位,国家继电保护及自动化设备质量监督检验中心
GB-T 14598.14-2010.docx,起草单位,珠海万力达电气股份有限公司
GB-T 14598.14-2010.docx,起草单位,北京紫光测控有限公司
GB-T 14598.14-2010.docx,起草单位,东方电子股份有限公司
GB-T 14598.14-2010.docx,起草单位,积成电子股份有限公司
GB-T 14598.14-2010.docx,起草单位,许昌继电器研究所
GB-T 14598.14-2010.docx,起草单位,上海继电器有限公司
GB-T 14598.14-2010.docx,起草单位,河北北恒电气科技有限公司
GB-T 14598.14-2010.docx,起草单位,上海天正明日电力自动化有限公司
GB-T 14598.14-2010.docx,起草单位,ABB（中国）有限公司
GB-T 14598.14-2010.docx,起草单位,施耐德电气（中国）投资有限公司
GB-T 14598.14-2010.docx,起草单位,西门子电力自动化有限公司
GB-T 14598.14-2010.docx,起草单位,江苏金智科技股份有限公司
GB-T 14598.15-1998.docx,起草单位,许昌继电器研究所
GB-T 14598.8-2008.docx,起草单位,积成电子股份有限公司
GB-T 14598.8-2008.docx,起草单位,许昌继电器研究所
GB-T 14598.8-2008.docx,起草单位,许继电气股份有限公司
GB-T 14598.8-2008.docx,起草单位,南京南瑞继保电气有限公司
GB-T 14598.8-2008.docx,起草单位,北京四方继保自动化股份有限公司
GB-T 14598.8-2008.docx,起草单位,国电南京自动化股份有限公司
GB-T 14598.8-2008.docx,起草单位,北京紫光测控有限公司
GB-T 14598.9-2002.docx,起草单位,国家电力公司电力自动化研究院
GB-T 14598.9-2002.docx,起草单位,国电南京自动化股份有限公司
GB-T 14598.9-2002.docx,起草单位,许昌继电器研究所
GB-T 14598.9-2002.docx,起草单位,国家继电器质量监督检验中心
GB-T 14598.9-2010.docx,起草单位,南京南瑞继保电气有限公司
GB-T 14598.9-2010.docx,起草单位,国电南京自动化股份有限公司
GB-T 14598.9-2010.docx,起草单位,许继电气股份有限公司
GB-T 14598.9-2010.docx,起草单位,北京四方继保自动化股份有限公司
GB-T 14598.9-2010.docx,起草单位,国家继电保护及自动化设备质量监督检验中心
GB-T 14598.9-2010.docx,起草单位,珠海万力达电气股份有限公司
GB-T 14598.9-2010.docx,起草单位,北京紫光测控有限公司
GB-T 14598.9-2010.docx,起草单位,东方电子股份有限公司
GB-T 14598.9-2010.docx,起草单位,积成电子股份有限公司
GB-T 14598.9-2010.docx,起草单位,许昌继电器研究所
GB-T 14598.9-2010.docx,起草单位,上海继电器有限公司
GB-T 14598.9-2010.docx,起草单位,河北北恒电气科技有限公司
GB-T 14598.9-2010.docx,起草单位,上海天正明日电力自动化有限公司
GB-T 14598.9-2010.docx,起草单位,ABB（中国）有限公司
GB-T 14598.9-2010.docx,起草单位,施耐德电气（中国）投资有限公司
GB-T 14598.9-2010.docx,起草单位,西门子电力自动化有限公司
GB-T 14598.9-2010.docx,起草单位,江苏金智科技股份有限公司
GB-T 15532-2008.docx,起草单位,山东正方人合信息技术有限公司
GB-T 15532-2008.docx,起草单位,信息产业部电子工业标准化研究所
GB-T 15532-2008.docx,起草单位,北京跟踪与通信技术研究所
GB-T 15532-2008.docx,起草单位,上海计算机软件开发中心
GB-T 15532-2008.docx,起草单位,中国航天科技集团公司软件评测中心
GB-T 15532-2008.docx,起草单位,山东省计算中心
GB-T 15532-2008.docx,起草单位,上海宝信软件股份有限公司
GB-T 15532-2008.docx,起草单位,上海浦东软件平台有限公司
GB-T 15532-2008.docx,起草单位,广西软件园
GB-T 15532-2008.docx,起草单位,上海鲁齐信息科技有限公司
GB-T 16260.1-2006.docx,起草单位,上海计算机软件技术开发中心
GB-T 16260.1-2006.docx,起草单位,中国电子技术标准化研究所
GB-T 16709-1996.docx,起草单位,机械工业部沈阳真空技术研究所
GB-T 16823.3-2010.docx,起草单位,中机生产力促进中心	
GB-T 16938-2008.docx,起草单位,中机生产力促进中心
GB-T 17618-1998.docx,起草单位,电子工业部标准化研究所	
GB-T 17624.1-1998.docx,起草单位,电力工业部武汉高压研究所
GB-T 17624.1-1998.docx,起草单位,北方交通大学
GB-T 17624.1-1998.docx,起草单位,上海电器科学研究所
GB-T 17626.1-2006.docx,起草单位,国网武汉高压研究院
GB-T 17626.11-1999.docx,起草单位,机械工业部上海电器科学研究所
GB-T 17626.11-1999.docx,起草单位,电子工业部第三研究所
GB-T 17626.11-1999.docx,起草单位,机械工业部广州电器科学研究所	
GB-T 17626.11-2008.docx,起草单位,上海电器科学研究所（集团）有限公司
GB-T 17626.11-2008.docx,起草单位,中国电子科技集团公司第三研究所
GB-T 17626.12-2013.docx,起草单位,中国电子科技集团公司第三研究所
GB-T 17626.12-2013.docx,起草单位,上海电器科学研究院
GB-T 17626.12-2013.docx,起草单位,上海市计量测试技术研究院
GB-T 17626.14-2005.docx,起草单位,国家电力公司武汉高压研究所
GB-T 17626.17-2005.docx,起草单位,国家电力公司武汉高压研究所
GB-T 17626.2-2006.docx,起草单位,上海工业自动化仪表研究所
GB-T 17626.2-2006.docx,起草单位,上海电器科学研究所（集团）有限公司
GB-T 17626.4-2008.docx,起草单位,上海工业自动化仪表研究所
GB-T 17626.4-2008.docx,起草单位,国网武汉高压研究院
GB-T 17626.5-1999.docx,起草单位,电子工业部标准化研究所
GB-T 17626.5-1999.docx,起草单位,机械工业部广州电器科学研究所
GB-T 17626.5-1999.docx,起草单位,电力工业部武汉高压研究所等
GB-T 17626.5-2008.docx,起草单位,信息产业部电子工业标准化研究所
GB-T 17626.6-2008.docx,起草单位,中国电子科技集团公司第三研究所
GB-T 17626.7-2008.docx,起草单位,国网武汉高压研究院
GB-T 17626.8-2006.docx,起草单位,国网武汉高压研究院
GB-T 17626.9-2011.docx,起草单位,上海工业自动化仪表研究院
GB-T 17626.9-2011.docx,起草单位,国网武汉高压研究院	
GB-T 17799.1-1999.docx,起草单位,机械工业部上海电器科学研究所
GB-T 17799.1-1999.docx,起草单位,电力工业部武汉高压研究所	
GB-T 18268.1-2010.docx,起草单位,上海工业自动化仪表研究所	
GB-T 18391.3-2001.docx,起草单位,中国标准研究中心
GB-T 18391.4-2001.docx,起草单位,中国标准研究中心
GB-T 19003-2008.docx,起草单位,信息产业部电子工业标准化研究所
GB-T 19003-2008.docx,起草单位,中国航天标准化研究所
GB-T 192-2003.docx,起草单位,机械科学研究院
GB-T 193-2003.docx,起草单位,机械科学研究院
GB-T 196-2003.docx,起草单位,机械科学研究院
GB-T 19668.5-2007.docx,起草单位,山东正中计算机网络技术咨询有限公司
GB-T 19668.5-2007.docx,起草单位,北京赛迪信息工程监理有限公司
GB-T 19668.5-2007.docx,起草单位,中国电子技术标准化研究所
GB-T 19668.5-2007.docx,起草单位,上海中标信息工程监理有限公司
GB-T 19668.5-2007.docx,起草单位,中国生产力促进中心协会
GB-T 19668.5-2007.docx,起草单位,新疆天衡信息工程监理公司
GB-T 19668.5-2007.docx,起草单位,广州赛宝联睿信息工程监理有限公司
GB-T 19668.5-2007.docx,起草单位,北京航空航天大学经济管理学院
GB-T 19668.5-2007.docx,起草单位,铁道部信息中心
GB-T 19668.5-2007.docx,起草单位,深圳市都信建设监理有限公司
GB-T 19668.5-2007.docx,起草单位,北京万博智业信息技术有限公司
GB-T 197-2003.docx,起草单位,机械科学研究院
GB-T 20917-2007.docx,起草单位,中国电子技术标准化研究所
GB-T 21041-2007.docx,起草单位,中国电子技术标准化研究所（CESI）
GB-T 21041-2007.docx,起草单位,泉洲火炬电子有限公司
GB-T 21042-2007.docx,起草单位,中国电子技术标准化研究所（CESI）
GB-T 21042-2007.docx,起草单位,泉洲火炬电子元件厂
GB-T 21271-2007.docx,起草单位,浙江真空设备集团有限公司
GB-T 21271-2007.docx,起草单位,浙江台州环球真空设备厂
GB-T 21271-2007.docx,起草单位,沈阳真空技术研究所
GB-T 21388-2008.docx,起草单位,成都工具研究所和桂林量具刃具厂	
GB-T 21389-2008.docx,起草单位,成都工具研究所和桂林量具刃具厂	
GB-T 21390-2008.docx,起草单位,成都工具研究所和桂林量具刃具厂	
GB-T 22561-2008.docx,起草单位,上海市机械制造工艺研究所有限公司
GB-T 22561-2008.docx,起草单位,天津市热处理研究所有限公司
GB-T 2422-2012.docx,起草单位,中国电器科学研究院有限公司
GB-T 2422-2012.docx,起草单位,信息产业部电子工业标准化研究所
GB-T 2422-2012.docx,起草单位,信息产业部电子第五研究所
GB-T 2423.10-2008.docx,起草单位,信息产业部电子第五研究所
GB-T 2423.10-2008.docx,起草单位,上海市质量监督检验技术研究院
GB-T 2423.10-2008.docx,起草单位,广州大学
GB-T 2423.10-2008.docx,起草单位,北京航空航天大学
GB-T 2423.10-2008.docx,起草单位,上海市航天808所
GB-T 2423.10-2008.docx,起草单位,信息产业部电子第四研究所
GB-T 2423.101-2008.docx,起草单位,信息产业部电子第五研究所
GB-T 2423.101-2008.docx,起草单位,上海市质量监督检验技术研究院
GB-T 2423.101-2008.docx,起草单位,上海电器科学研究所（集团）有限公司
GB-T 2423.101-2008.docx,起草单位,空军装备研究院雷达与电子对抗研究所
GB-T 2423.102-2008.docx,起草单位,信息产业部电子第五研究所
GB-T 2423.102-2008.docx,起草单位,中国电信股份有限公司广东研究院
GB-T 2423.102-2008.docx,起草单位,电信科学技术第一研究所
GB-T 2423.102-2008.docx,起草单位,北京航空航天大学
GB-T 2423.15-2008.docx,起草单位,上海市质量监督检验技术研究院
GB-T 2423.15-2008.docx,起草单位,信息产业部电信技术第一研究所
GB-T 2423.15-2008.docx,起草单位,北京航空航天大学
GB-T 2423.15-2008.docx,起草单位,信息产业部电子第五研究所
GB-T 2423.17-2008.docx,起草单位,中国电器科学研究院
GB-T 2423.17-2008.docx,起草单位,上海工业自动化仪表研究所
GB-T 2423.21-2008.docx,起草单位,广州电器科学研究院
GB-T 2423.21-2008.docx,起草单位,广州威凯检测技术研究所
GB-T 2423.21-2008.docx,起草单位,重庆银河试验仪器有限公司
GB-T 2423.22-2012.docx,起草单位,中国电器科学研究院有限公司
GB-T 2423.22-2012.docx,起草单位,深圳市计量质量检测研究院
GB-T 2423.22-2012.docx,起草单位,浙江省计量科学研究院
GB-T 2423.22-2012.docx,起草单位,重庆四达试验设备有限公司
GB-T 2423.22-2012.docx,起草单位,北京航空航天大学
GB-T 2423.22-2012.docx,起草单位,上海工业自动化仪表研究院
GB-T 2423.22-2012.docx,起草单位,上海市质量监督检验技术研究院
GB-T 2423.24-2013.docx,起草单位,中国电器科学研究院有限公司
GB-T 2423.24-2013.docx,起草单位,威凯检测技术有限公司
GB-T 2423.24-2013.docx,起草单位,深圳市计量质量检测研究院
GB-T 2423.24-2013.docx,起草单位,浙江省计量科学研究院
GB-T 2423.24-2013.docx,起草单位,北京航空航天大学
GB-T 2423.24-2013.docx,起草单位,无锡苏南试验设备有限公司
GB-T 2423.3-2006.docx,起草单位,广州电器科学研究院
GB-T 2423.30-2013.docx,起草单位,中国电器科学研究院有限公司
GB-T 2423.30-2013.docx,起草单位,北京航空航天大学
GB-T 2423.30-2013.docx,起草单位,无锡苏南试验设备有限公司
GB-T 2423.32-2008.docx,起草单位,广州电器科学研究院
GB-T 2423.33-2005.docx,起草单位,广州电器科学研究院
GB-T 2423.33-2005.docx,起草单位,上海工业自动化仪表研究所
GB-T 2423.34-2012.docx,起草单位,中国电器科学研究院有限公司
GB-T 2423.34-2012.docx,起草单位,深圳市计量质量检测研究院
GB-T 2423.34-2012.docx,起草单位,上海市质量监督检验技术研究院
GB-T 2423.34-2012.docx,起草单位,上海工业自动化仪表研究院
GB-T 2423.34-2012.docx,起草单位,重庆四达试验设备有限公司
GB-T 2423.34-2012.docx,起草单位,北京航空航天大学
GB-T 2423.37-2006.docx,起草单位,广州电器科学研究院
GB-T 2423.38-2008.docx,起草单位,中国电器科学研究院
GB-T 2423.39-2008.docx,起草单位,信息产业部电子第五研究所
GB-T 2423.39-2008.docx,起草单位,上海市质量监督检验技术研究院
GB-T 2423.39-2008.docx,起草单位,广州大学
GB-T 2423.39-2008.docx,起草单位,苏州试验仪器总厂
GB-T 2423.39-2008.docx,起草单位,西安光新科技发展有限公司
GB-T 2423.39-2008.docx,起草单位,西安捷盛电子技术有限责任公司
GB-T 2423.4-2008.docx,起草单位,中国电器科学研究院
GB-T 2423.4-2008.docx,起草单位,上海工业自动化仪表研究所
GB-T 2423.40-1997.docx,起草单位,机械工业部广州电器科学研究所
GB-T 2423.40-2013.docx,起草单位,中国电器科学研究院有限公司
GB-T 2423.40-2013.docx,起草单位,北京航空航天大学
GB-T 2423.40-2013.docx,起草单位,重庆四达试验设备有限公司
GB-T 2423.40-2013.docx,起草单位,无锡苏南试验设备有限公司
GB-T 2423.41-2013.docx,起草单位,中国电器科学研究院有限公司
GB-T 2423.41-2013.docx,起草单位,北京航空航天大学
GB-T 2423.41-2013.docx,起草单位,广州大学
GB-T 2423.43-2008.docx,起草单位,广州大学
GB-T 2423.43-2008.docx,起草单位,信息产业部电子第五研究所
GB-T 2423.43-2008.docx,起草单位,上海市质量监督检验技术研究院
GB-T 2423.43-2008.docx,起草单位,北京航空航天大学
GB-T 2423.43-2008.docx,起草单位,苏州试验仪器总厂
GB-T 2423.43-2008.docx,起草单位,北京中元微型仪器公司
GB-T 2423.48-2008.docx,起草单位,信息产业部电子第五研究所
GB-T 2423.48-2008.docx,起草单位,广州大学
GB-T 2423.48-2008.docx,起草单位,上海市质量监督检验技术研究院
GB-T 2423.48-2008.docx,起草单位,西安捷盛电子技术有限责任公司
GB-T 2423.48-2008.docx,起草单位,苏州试验仪器总厂
GB-T 2423.50-2012.docx,起草单位,中国电器科学研究院有限公司
GB-T 2423.51-2012.docx,起草单位,中国电器科学研究院有限公司
GB-T 2423.52-2003.docx,起草单位,信息产业部电子第五研究所
GB-T 2423.9-2001.docx,起草单位,广州电器科学研究所
GB-T 2424.10-2012.docx,起草单位,中国电器科学研究院有限公司
GB-T 2424.10-2012.docx,起草单位,上海工业自动化仪表研究院
GB-T 2424.10-2012.docx,起草单位,无锡苏南试验设备有限公司
GB-T 2424.15-2008.docx,起草单位,广州电器科学研究院
GB-T 2424.15-2008.docx,起草单位,广州威凯检测技术研究所
GB-T 2424.15-2008.docx,起草单位,重庆四达试验设备有限公司
GB-T 2516-2003.docx,起草单位,机械科学研究院
GB-T 2951.11-2008.docx,起草单位,上海电缆研究所
GB-T 2951.11-2008.docx,起草单位,中国质量认证中心
GB-T 2951.12-2008.docx,起草单位,上海电缆研究所
GB-T 2951.13-2008.docx,起草单位,上海电缆研究所
GB-T 2951.14-2008.docx,起草单位,上海电缆研究所
GB-T 2951.21-2008.docx,起草单位,上海电缆研究所
GB-T 2951.31-2008.docx,起草单位,上海电缆研究所
GB-T 3048.1-2007.docx,起草单位,上海电缆研究所
GB-T 3048.10-2007.docx,起草单位,上海电缆研究所
GB-T 3048.11-2007.docx,起草单位,上海电缆研究所
GB-T 3048.12-2007.docx,起草单位,上海电缆研究所
GB-T 3048.13-2007.docx,起草单位,上海电缆研究所
GB-T 3048.14-2007.docx,起草单位,上海电缆研究所
GB-T 3048.16-2007.docx,起草单位,上海电缆研究所
GB-T 3048.2-2007.docx,起草单位,上海电缆研究所
GB-T 3048.3-2007.docx,起草单位,上海电缆研究所
GB-T 3048.4-2007.docx,起草单位,上海电缆研究所
GB-T 3048.5-2007.docx,起草单位,上海电缆研究所
GB-T 3048.7-2007.docx,起草单位,上海电缆研究所
GB-T 3048.8-2007.docx,起草单位,上海电缆研究所
GB-T 3098.1-2010.docx,起草单位,中机生产力促进中心	
GB-T 3098.8-2010.docx,起草单位,中机生产力促进中心	
GB-T 3164-2007.docx,起草单位,北京北仪创新真空技术有限责任公司
GB-T 3164-2007.docx,起草单位,沈阳真空技术研究所
GB-T 4058-2009.docx,起草单位,峨嵋半导体材料厂
GB-T 4059-2007.docx,起草单位,峨眉半导体材料厂
GB-T 4060-2007.docx,起草单位,峨眉半导体材料厂
GB-T 4061-2009.docx,起草单位,洛阳中硅高科技有限公司
GB-T 4365-2003.docx,起草单位,上海电器科学研究所	
GB-T 4798.5-2007.docx,起草单位,铁道部标准计量研究所
GB-T 4798.5-2007.docx,起草单位,国家轨道衡计量站
GB-T 4909.10-2009.docx,起草单位,上海电缆研究所
GB-T 4909.10-2009.docx,起草单位,无锡江南电缆有限公司
GB-T 4909.10-2009.docx,起草单位,河南通达电缆有限公司
GB-T 4909.10-2009.docx,起草单位,江苏圣安电缆有限公司
GB-T 4909.10-2009.docx,起草单位,昆明电缆股份有限公司
GB-T 4909.10-2009.docx,起草单位,宝胜科技创新股份有限公司
GB-T 4909.10-2009.docx,起草单位,上海亚龙工业股份有限公司
GB-T 4909.10-2009.docx,起草单位,湖南湘能电工股份有限公司和深圳市神州线缆有限公司
GB-T 4909.11-2009.docx,起草单位,上海电缆研究所
GB-T 4909.11-2009.docx,起草单位,河南通达电缆有限公司
GB-T 4909.11-2009.docx,起草单位,江苏圣安电缆有限公司
GB-T 4909.11-2009.docx,起草单位,昆明电缆股份有限公司
GB-T 4909.11-2009.docx,起草单位,宝胜科技创新股份有限公司
GB-T 4909.11-2009.docx,起草单位,上海亚龙工业股份有限公司
GB-T 4909.11-2009.docx,起草单位,湖南湘能电工股份有限公司
GB-T 4909.11-2009.docx,起草单位,深圳市神州线缆有限公司和无锡江南电缆有限公司
GB-T 4909.4-2009.docx,起草单位,上海电缆研究所
GB-T 4909.4-2009.docx,起草单位,江苏圣安电缆有限公司
GB-T 4909.4-2009.docx,起草单位,昆明电缆股份有限公司
GB-T 4909.4-2009.docx,起草单位,宝胜科技创新股份有限公司
GB-T 4909.4-2009.docx,起草单位,上海亚龙工业股份有限公司
GB-T 4909.4-2009.docx,起草单位,湖南湘能电工股份有限公司
GB-T 4909.4-2009.docx,起草单位,深圳市神州线缆有限公司
GB-T 4909.4-2009.docx,起草单位,无锡江南电缆有限公司和河南通达电缆有限公司
GB-T 4909.6-2009.docx,起草单位,上海电缆研究所
GB-T 4909.6-2009.docx,起草单位,宝胜科技创新股份有限公司
GB-T 4909.6-2009.docx,起草单位,上海亚龙工业股份有限公司
GB-T 4909.6-2009.docx,起草单位,湖南湘能电工股份有限公司
GB-T 4909.6-2009.docx,起草单位,深圳市神州线缆有限公司
GB-T 4909.6-2009.docx,起草单位,无锡江南电缆有限公司
GB-T 4909.6-2009.docx,起草单位,河南通达电缆有限公司
GB-T 4909.6-2009.docx,起草单位,江苏圣安电缆有限公司和昆明电缆股份有限公司
GB-T 4909.7-2009.docx,起草单位,上海电缆研究所
GB-T 4909.7-2009.docx,起草单位,上海亚龙工业股份有限公司
GB-T 4909.7-2009.docx,起草单位,湖南湘能电工股份有限公司
GB-T 4909.7-2009.docx,起草单位,深圳市神州线缆有限公司
GB-T 4909.7-2009.docx,起草单位,无锡江南电缆有限公司
GB-T 4909.7-2009.docx,起草单位,河南通达电缆有限公司
GB-T 4909.7-2009.docx,起草单位,江苏圣安电缆有限公司
GB-T 4909.7-2009.docx,起草单位,昆明电缆股份有限公司和宝胜科技创新股份有限公司
GB-T 4909.9-2009.docx,起草单位,上海电缆研究所
GB-T 4909.9-2009.docx,起草单位,深圳市神州线缆有限公司
GB-T 4909.9-2009.docx,起草单位,无锡江南电缆有限公司
GB-T 4909.9-2009.docx,起草单位,河南通达电缆有限公司
GB-T 4909.9-2009.docx,起草单位,江苏圣安电缆有限公司
GB-T 4909.9-2009.docx,起草单位,昆明电缆股份有限公司
GB-T 4909.9-2009.docx,起草单位,宝胜科技创新股份有限公司
GB-T 4909.9-2009.docx,起草单位,上海亚龙工业股份有限公司和湖南湘能电工股份有限公司
GB-T 4982-2003.docx,起草单位,杭州大和热磁电子有限公司
GB-T 4982-2003.docx,起草单位,沈阳真空技术研究所	
GB-T 4983-2003.docx,起草单位,杭州大和热磁电子有限公司
GB-T 4983-2003.docx,起草单位,沈阳真空技术研究所	
GB-T 5080.2-2012.docx,起草单位,工业和信息化部电子第五研究所
GB-T 5080.2-2012.docx,起草单位,北京大学
GB-T 5132.2-2009.docx,起草单位,桂林电器科学研究所
GB-T 5132.2-2009.docx,起草单位,东材科技集团股份有限公司
GB-T 5132.2-2009.docx,起草单位,西安西电电工材料有限责任公司
GB-T 5132.2-2009.docx,起草单位,北京新福润达绝缘材料有限责任公司
GB-T 5132.5-2009.docx,起草单位,东材科技集团股份有限公司
GB-T 5132.5-2009.docx,起草单位,北京新福润达绝缘材料有限公司
GB-T 5132.5-2009.docx,起草单位,西安西电电工材料有限责任公司
GB-T 5132.5-2009.docx,起草单位,桂林电器科学研究所
GB-T 5170.1-2008.docx,起草单位,信息产业部电子第五研究所
GB-T 5170.10-1996.docx,起草单位,电子工业部第五研究所
GB-T 5170.10-2008.docx,起草单位,信息产业部电子第五研究所
GB-T 5170.11-1996.docx,起草单位,机械工业部上海工业自动化仪表研究所
GB-T 5170.11-2008.docx,起草单位,信息产业部电子第五研究所
GB-T 5170.13-2005.docx,起草单位,信息产业部电子第五研究所
GB-T 5170.14-2009.docx,起草单位,信息产业部电子第五研究所
GB-T 5170.15-2005.docx,起草单位,信息产业部电子第五研究所
GB-T 5170.16-2005.docx,起草单位,信息产业部电子第五研究所
GB-T 5170.2-1996.docx,起草单位,电子工业部第五研究所
GB-T 5170.2-2008.docx,起草单位,信息产业部电子第五研究所
GB-T 5170.5-2008.docx,起草单位,信息产业部电子第五研究所
GB-T 5170.8-2008.docx,起草单位,信息产业部电子第五研究所
GB-T 5170.9-1996.docx,起草单位,电子工业部第五研究所
GB-T 5170.9-2008.docx,起草单位,信息产业部电子第五研究所
GB-T 5593-1996.docx,起草单位,北京真空电子技术研究所和电子工业部标准化研究所
GB-T 6070-2007.docx,起草单位,北京北仪创新真空技术有限责任公司	
GB-T 6108.1-2003.docx,起草单位,上海电缆研究所	
GB-T 6108.2-2003.docx,起草单位,上海电缆研究所	
GB-T 6108.3-2003.docx,起草单位,上海电缆研究所	
GB-T 6109.12-2008.docx,起草单位,上海电缆研究所	
GB-T 6109.15-2008.docx,起草单位,上海电缆研究所	
GB-T 6109.20-2008.docx,起草单位,上海电缆研究所	
GB-T 6110-2008.docx,起草单位,桂林电器科学研究所
GB-T 6110-2008.docx,起草单位,桂林电子科技大学
GB-T 6110-2008.docx,起草单位,株洲硬质合金集团有限公司
GB-T 6110-2008.docx,起草单位,桂林漓佳金属有限责任公司
GB-T 6113.102-2008.docx,起草单位,信息产业部电子工业标准化研究所
GB-T 6113.102-2008.docx,起草单位,北京交通大学
GB-T 6113.102-2008.docx,起草单位,信息产业部电子第五研究所
GB-T 6113.102-2008.docx,起草单位,东南大学
GB-T 6113.102-2008.docx,起草单位,中国计量科学研究院
GB-T 6113.102-2008.docx,起草单位,上海电器科学研究所（集团）有限公司
GB-T 6113.102-2008.docx,起草单位,广州威凯检测技术研究所
GB-T 6113.102-2008.docx,起草单位,国家无线电监测中心
GB-T 6113.102-2008.docx,起草单位,上海市计量测试技术研究院
GB-T 6113.103-2008.docx,起草单位,信息产业部电子工业标准化研究所
GB-T 6113.103-2008.docx,起草单位,广州威凯检测技术研究所
GB-T 6113.103-2008.docx,起草单位,上海电器科学研究所（集团）有限公司
GB-T 6113.103-2008.docx,起草单位,国家无线电监测中心
GB-T 6113.103-2008.docx,起草单位,中国计量科学研究院
GB-T 6113.103-2008.docx,起草单位,信息产业部电子第五研究所
GB-T 6113.103-2008.docx,起草单位,东南大学
GB-T 6113.103-2008.docx,起草单位,上海市计量测试技术研究院
GB-T 6113.103-2008.docx,起草单位,北京交通大学
GB-T 6113.104-2008.docx,起草单位,信息产业部电子工业标准化研究所
GB-T 6113.104-2008.docx,起草单位,东南大学
GB-T 6113.104-2008.docx,起草单位,北京交通大学
GB-T 6113.104-2008.docx,起草单位,中国计量科学研究院
GB-T 6113.104-2008.docx,起草单位,信息产业部电子第五研究所
GB-T 6113.104-2008.docx,起草单位,上海电器科学研究所（集团）有限公司
GB-T 6113.104-2008.docx,起草单位,广州威凯检测技术研究所
GB-T 6113.104-2008.docx,起草单位,上海市计量测试技术研究院
GB-T 6113.104-2008.docx,起草单位,国家无线电监测中心
GB-T 6113.105-2008.docx,起草单位,信息产业部电子工业标准化研究所
GB-T 6113.105-2008.docx,起草单位,北京交通大学
GB-T 6113.105-2008.docx,起草单位,中国计量科学研究院
GB-T 6113.105-2008.docx,起草单位,东南大学
GB-T 6113.105-2008.docx,起草单位,信息产业部电子第五研究所
GB-T 6113.105-2008.docx,起草单位,上海电器科学研究所（集团）有限公司
GB-T 6113.105-2008.docx,起草单位,广州威凯检测技术研究所
GB-T 6113.105-2008.docx,起草单位,上海市计量测试技术研究院
GB-T 6113.105-2008.docx,起草单位,国家无线电监测中心
GB-T 67-2008.docx,起草单位,中机生产力促进中心	
GB-T 6995.1-2008.docx,起草单位,上海电缆研究所	
GB-T 6995.2-2008.docx,起草单位,上海电缆研究所	
GB-T 6995.3-2008.docx,起草单位,上海电缆研究所	
GB-T 6995.4-2008.docx,起草单位,上海电缆研究所	
GB-T 6995.5-2008.docx,起草单位,上海电缆研究所	
GB-T 70.1-2008.docx,起草单位,中机生产力促进中心	
GB-T 70.2-2008.docx,起草单位,中机生产力促进中心	
GB-T 70.3-2008.docx,起草单位,中机生产力促进中心	
GB-T 8750-2007.docx,起草单位,贺利氏招远贵金属材料有限公司
GB-T 8750-2007.docx,起草单位,贺利氏招远（常熟）电子材料有限公司
GB-T 8750-2007.docx,起草单位,成都印钞公司长城金银精炼厂
GB-T 8750-2007.docx,起草单位,北京达博有色金属焊料有限责任公司
GB-T 9144-2003.docx,起草单位,机械科学研究院
GB-T 9145-2003.docx,起草单位,机械科学研究院
GB-T 9146-2003.docx,起草单位,机械科学研究院
GB-T 9385-2008.docx,起草单位,信息产业部电子工业标准化研究所
GB-T 9385-2008.docx,起草单位,中国航天科技集团公司软件评测中心
GB-T 9385-2008.docx,起草单位,上海计算机软件开发中心
GB-T 9385-2008.docx,起草单位,上海宝信软件股份有限公司
GB-T 9385-2008.docx,起草单位,东方通科技
GB-T 9385-2008.docx,起草单位,广西软件园
GB-T 9385-2008.docx,起草单位,上海浦东软件园有限责任公司
GB-T 9385-2008.docx,起草单位,上海鲁齐信息科技有限公司
GB-T 9386-2008.docx,起草单位,上海浦东软件平台有限公司
GB-T 9386-2008.docx,起草单位,信息产业部电子工业标准化研究所
GB-T 9386-2008.docx,起草单位,北京跟踪与通信技术研究所
GB-T 9386-2008.docx,起草单位,上海计算机软件开发中心
GB-T 9386-2008.docx,起草单位,广西软件园
GB-T 9386-2008.docx,起草单位,上海浦东软件园有限责任公司
GB-T 9386-2008.docx,起草单位,上海宝信软件股份有限公司
GB-T 94.1-2008.docx,起草单位,中机生产力促进中心	
GB-T 94.3-2008.docx,起草单位,中机生产力促进中心	
gb10593.1-2005.docx,起草单位,中国船舶重工集团公司第七O四研究所
gb2423.54-2005.docx,起草单位,信息产业部电子第五研究所
gb2423.55-2006.docx,起草单位,信息产业部电子第五研究所
gb2423.55-2006.docx,起草单位,上海市电子仪表标准计量测试所
gb4797.2-2005.docx,起草单位,昆明电器科学研究所
gb5170.17-2005.docx,起草单位,信息产业部电子第五研究所
gb5170.18-2005.docx,起草单位,信息产业部电子第五研究所
gb5170.19-2005.docx,起草单位,信息产业部电子第五研究所
gb5170.20-2005.docx,起草单位,信息产业部电子第五研究所
GBT 20000.10-2016 标准化工作指南 第10部分：国家标准的英文译本翻译通则.docx,起草单位,中国标准化研究院
GBT 20000.10-2016 标准化工作指南 第10部分：国家标准的英文译本翻译通则.docx,起草单位,中国质检出版社
GBT 20000.11-2016 标准化工作指南 第11部分：国家标准的英文译本通用表述.docx,起草单位,中国标准化研究院
GBT 20000.11-2016 标准化工作指南 第11部分：国家标准的英文译本通用表述.docx,起草单位,中国质检出版社
GBT 2423.3-2016 环境试验 第2部分：试验方法 试验Cab：恒定湿热试验.docx,起草单位,中国电器科学研究院有限公司
GBT 2423.3-2016 环境试验 第2部分：试验方法 试验Cab：恒定湿热试验.docx,起草单位,济宁半导体及显示产品质量监督检验中心
GBT 2423.3-2016 环境试验 第2部分：试验方法 试验Cab：恒定湿热试验.docx,起草单位,广东电网有限责任公司电力科学研究院
GBT 2423.3-2016 环境试验 第2部分：试验方法 试验Cab：恒定湿热试验.docx,起草单位,中国航空集团公司北京长城计量测试技术研究所
GBT 2423.3-2016 环境试验 第2部分：试验方法 试验Cab：恒定湿热试验.docx,起草单位,无锡苏南试验设备有限公司
GBT 28876.1-2012 空间实验设备使用材料的可燃性 第1部分：要求.docx,起草单位,中国科学院力学研究所
GBT 28876.1-2012 空间实验设备使用材料的可燃性 第1部分：要求.docx,起草单位,中国航天员科研训练中心
GBT 28876.1-2012 空间实验设备使用材料的可燃性 第1部分：要求.docx,起草单位,中国科学技术大学
GBT 28876.2-2014 空间实验设备使用材料的可燃性 第2部分：测试方法.docx,起草单位,中国科学院力学研究所
GBT 28876.2-2014 空间实验设备使用材料的可燃性 第2部分：测试方法.docx,起草单位,中国航天员科研训练中心
GBT 28876.2-2014 空间实验设备使用材料的可燃性 第2部分：测试方法.docx,起草单位,中国科学技术大学
GBT 28877-2012 空间科学实验通用要求.docx,起草单位,中国科学院空间应用工程与技术中心
GBT 28877-2012 空间科学实验通用要求.docx,起草单位,中国科学院生物物理研究所
GBT 28877-2012 空间科学实验通用要求.docx,起草单位,中国科学院金属研究所
GBT 28877-2012 空间科学实验通用要求.docx,起草单位,中国科学院力学研究所
GBT 28878.1-2012 空间科学实验转动部件规范 第1部分：设计总则.docx,起草单位,中国科学院上海技术物理研究所
GBT 28878.1-2012 空间科学实验转动部件规范 第1部分：设计总则.docx,起草单位,中国航天科技集团八院805所
GBT 28878.1-2012 空间科学实验转动部件规范 第1部分：设计总则.docx,起草单位,中国科学院长春光学精密机械与物理研究所
GBT 28878.10-2019 空间科学实验转动部件规范 第10部分：储存复验.docx,起草单位,中国科学院上海技术物理研究所
GBT 28878.10-2019 空间科学实验转动部件规范 第10部分：储存复验.docx,起草单位,中国科学院兰州化学物理研究所
GBT 28878.10-2019 空间科学实验转动部件规范 第10部分：储存复验.docx,起草单位,中国航天科技集团上海卫星工程研究所
GBT 28878.2-2016 空间科学实验转动部件规范 第2部分：润滑设计要求.docx,起草单位,中国科学院上海技术物理研究所
GBT 28878.2-2016 空间科学实验转动部件规范 第2部分：润滑设计要求.docx,起草单位,中国科学院兰州化学物理研究所
GBT 28878.3-2016 空间科学实验转动部件规范 第3部分：滚动轴承验收.docx,起草单位,中国科学院上海技术物理研究所
GBT 28878.3-2016 空间科学实验转动部件规范 第3部分：滚动轴承验收.docx,起草单位,洛阳轴承研究所
GBT 28878.4-2016 空间科学实验转动部件规范 第4部分：润滑油验收.docx,起草单位,中国科学院上海技术物理研究所
GBT 28878.4-2016 空间科学实验转动部件规范 第4部分：润滑油验收.docx,起草单位,中国石油化工科学研究院
GBT 28878.4-2016 空间科学实验转动部件规范 第4部分：润滑油验收.docx,起草单位,中国科学院兰州化学物理研究所
GBT 28878.5-2016 空间科学实验转动部件规范 第5部分：电机验收.docx,起草单位,中国科学院上海技术物理研究所
GBT 28878.5-2016 空间科学实验转动部件规范 第5部分：电机验收.docx,起草单位,中国电子科技集团公司第二十一研究所
GBT 28878.6-2016 空间科学实验转动部件规范 第6部分：性能测试.docx,起草单位,中国科学院上海技术物理研究所
GBT 28878.7-2016 空间科学实验转动部件规范 第7部分：可靠性试验.docx,起草单位,中国科学院上海技术物理研究所
GBT 28878.8-2016 空间科学实验转动部件规范 第8部分：装配.docx,起草单位,中国科学院上海技术物理研究所
GBT 28878.9-2019 空间科学实验转动部件规范 第9部分：交付.docx,起草单位,中国科学院上海技术物理研究所
GBT 28878.9-2019 空间科学实验转动部件规范 第9部分：交付.docx,起草单位,中国电子科技集团公司第二十一研究所
GBT 28878.9-2019 空间科学实验转动部件规范 第9部分：交付.docx,起草单位,中国航天科技集团上海卫星工程研究所
GBT 30110-2013 空间红外探测器碲镉汞外延材料 参数测试方法.docx,起草单位,中国科学院上海技术物理研究所
GBT 30110-2013 空间红外探测器碲镉汞外延材料 参数测试方法.docx,起草单位,中国电子科技集团第十一研究所
GBT 30110-2013 空间红外探测器碲镉汞外延材料 参数测试方法.docx,起草单位,中国兵器工业集团昆明物理研究所
GBT 30111-2013 星敏感器通用规范.docx,起草单位,中国科学院西安光学精密机械研究所
GBT 30112-2013 月球空间坐标系.docx,起草单位,中国科学院国家天文台
GBT 30113.1-2013 空间微重力流体物理 流场光学测量技术规范 第1部分：阴影法、纹影法.docx,起草单位,中国科学院力学研究所
GBT 30114.2-2014 空间科学及其应用术语 第2部分：空间物理.docx,起草单位,北京大学
GBT 30114.2-2014 空间科学及其应用术语 第2部分：空间物理.docx,起草单位,中国科学院地质与地球物理研究所
GBT 30114.2-2014 空间科学及其应用术语 第2部分：空间物理.docx,起草单位,中国科学院空间科学与应用研究中心
GBT 30114.2-2014 空间科学及其应用术语 第2部分：空间物理.docx,起草单位,中国科学院国家天文台
GBT 30114.2-2014 空间科学及其应用术语 第2部分：空间物理.docx,起草单位,国家空间天气监测预警中心
GBT 30114.3-2014 空间科学及其应用术语 第3部分：空间天文.docx,起草单位,中国科学院高能物理研究所
GBT 30114.3-2014 空间科学及其应用术语 第3部分：空间天文.docx,起草单位,中国科学院紫金山天文台
GBT 30114.3-2014 空间科学及其应用术语 第3部分：空间天文.docx,起草单位,中国科学院国家天文台
GBT 30114.3-2014 空间科学及其应用术语 第3部分：空间天文.docx,起草单位,中国科学院上海技术物理研究所
GBT 30114.3-2014 空间科学及其应用术语 第3部分：空间天文.docx,起草单位,中国科学技术大学
GBT 30114.3-2014 空间科学及其应用术语 第3部分：空间天文.docx,起草单位,中国科学院西安光学精密机械研究所
GBT 30114.4-2014 空间科学及其应用术语 第4部分：月球与行星科学.docx,起草单位,中国科学院国家天文台
GBT 30114.5-2014 空间科学及其应用术语 第5部分：空间生命科学和生物技术.docx,起草单位,北京航空航天大学
GBT 30114.5-2014 空间科学及其应用术语 第5部分：空间生命科学和生物技术.docx,起草单位,中国科学院生物物理研究所
GBT 30114.5-2014 空间科学及其应用术语 第5部分：空间生命科学和生物技术.docx,起草单位,中国科学院动物研究所
GBT 30114.5-2014 空间科学及其应用术语 第5部分：空间生命科学和生物技术.docx,起草单位,中国科学院微生物研究所
GBT 30114.5-2014 空间科学及其应用术语 第5部分：空间生命科学和生物技术.docx,起草单位,首都师范大学
GBT 30114.5-2014 空间科学及其应用术语 第5部分：空间生命科学和生物技术.docx,起草单位,西北工业大学
GBT 31267-2014 空间科学实验项目实施流程.docx,起草单位,中国科学院空间应用工程与技术中心
GBT 31267-2014 空间科学实验项目实施流程.docx,起草单位,中国科学院生物物理研究所
GBT 31267-2014 空间科学实验项目实施流程.docx,起草单位,中国科学院植物研究所
GBT 31267-2014 空间科学实验项目实施流程.docx,起草单位,中国科学院力学研究所
GBT 31267-2014 空间科学实验项目实施流程.docx,起草单位,中国科学院物理研究所
GBT 31267-2014 空间科学实验项目实施流程.docx,起草单位,中国科学院工程热物理研究所
GBT 32521-2016  月球基本比例尺地形图分幅和编号.docx,起草单位,中国科学院国家天文台
GBT 32525-2016 光电跟踪测量设备通用规范.docx,起草单位,中国科学院西安光学精密机械研究所
GBT 32526-2016 方位垂直传递装置通用规范.docx,起草单位,中国科学院西安光学精密机械研究所
GBT 32527-2016 空间材料科学实验装置多功能高温炉设计规范.docx,起草单位,中国科学院上海硅酸盐研究所
GBT 32527-2016 空间材料科学实验装置多功能高温炉设计规范.docx,起草单位,中国科学院国家空间科学中心
GBT 32527-2016 空间材料科学实验装置多功能高温炉设计规范.docx,起草单位,兰州空间技术物理研究所
GBT 32700-2016 空间生物学实验装置通用设计规范.docx,起草单位,中国科学院上海技术物理研究所
GBT 32870-2016  空间科学实验 生物样品加载技术要求.docx,起草单位,中国科学院生物物理研究所
GBT 32870-2016  空间科学实验 生物样品加载技术要求.docx,起草单位,西北工业大学
GBT 32870-2016  空间科学实验 生物样品加载技术要求.docx,起草单位,中国航天员科研训练中心
GBT 32870-2016  空间科学实验 生物样品加载技术要求.docx,起草单位,中国科学院上海植物生理与生态研究所
GBT 32870-2016  空间科学实验 生物样品加载技术要求.docx,起草单位,中国科学院植物研究所
GBT 32870-2016  空间科学实验 生物样品加载技术要求.docx,起草单位,中国科学院动物研究所
GBT 32870-2016  空间科学实验 生物样品加载技术要求.docx,起草单位,中国科学院水生生物研究所
GBT 32870-2016  空间科学实验 生物样品加载技术要求.docx,起草单位,大连海事大学
GBT 32870-2016  空间科学实验 生物样品加载技术要求.docx,起草单位,中国科学院力学研究所
GBT 32872-2016  空间科学照明用LED筛选规范.docx,起草单位,中国科学院上海技术物理研究所
GBT 33990-2017  月球数字地图质量检查与验收.docx,起草单位,中国科学院国家天文台
GBT 33991-2017  月球信息要素数据字典.docx,起草单位,中国科学院国家天文台
GBT 33996-2017  月球探测数据产品分级与命名.docx,起草单位,中国科学院国家天文台
GBT 33997-2017  月球与行星数据产品格式规范.docx,起草单位,中国科学院国家天文台
GBT 34054-2017  月球影像平面图制作规范.docx,起草单位,中国科学院国家天文台
GBT 34055-2017  月球数字高程模型数据制作规范.docx,起草单位,中国科学院国家天文台
GBT 34829-2017 空间站应用有效载荷数据通信规范.docx,起草单位,中国科学院空间应用工程与技术中心
GBT 35435-2017 空间站科学实验柜通用设计规范.docx,起草单位,中国科学院空间应用工程与技术中心
GBT 35436-2017  空间站科学实验柜标准模块接口设计规范.docx,起草单位,中国科学院沈阳自动化研究所
GBT 35436-2017  空间站科学实验柜标准模块接口设计规范.docx,起草单位,中国科学院空间应用工程与技术中心
GBT 35437-2017 星载光电跟踪成像系统通用规范.docx,起草单位,中国科学院西安光学精密机械研究所
GBT 35438-2017 空间站科学实验柜气液快换接头规范.docx,起草单位,中国科学院沈阳自动化研究所
GBT 35438-2017 空间站科学实验柜气液快换接头规范.docx,起草单位,中国科学院空间应用工程与技术中心
GBT 35439-2017 空间站应用有效载荷安全性、可靠性与维修性保证通用要求.docx,起草单位,中国科学院空间应用工程与技术中心
GBT 35440-2017 空间高能天文辐射源命名规范.docx,起草单位,中国科学院高能物理研究所
GBT 35440-2017 空间高能天文辐射源命名规范.docx,起草单位,南京师范大学
GBT 37469-2019 空间材料科学实验  样品管理规范.docx,起草单位,中国科学院上海硅酸盐研究所
GBT 37469-2019 空间材料科学实验  样品管理规范.docx,起草单位,中国科学院物理研究所
GBT 37469-2019 空间材料科学实验  样品管理规范.docx,起草单位,中国科学院金属研究所
GBT 37541-2019  月球地形图要素分类、代码与图式.docx,起草单位,中国科学院国家天文台
GBT 37844-2019 空间材料科学实验固体实验样品备制规范（12页）.docx,起草单位,中国科学院上海硅酸盐研究所
GBT 37844-2019 空间材料科学实验固体实验样品备制规范（12页）.docx,起草单位,中国科学院物理研究所
GBT 37844-2019 空间材料科学实验固体实验样品备制规范（12页）.docx,起草单位,中国科学院金属研究所
GBT 37846-2019 空间高能天文数据存档格式（32页）.docx,起草单位,中国科学院高能物理研究所
GBT 37846-2019 空间高能天文数据存档格式（32页）.docx,起草单位,中国科学院国家空间科学中心
GBT 37846-2019 空间高能天文数据存档格式（32页）.docx,起草单位,中国科学院空间应用工程与技术中心
GBT 38239-2019 空间科学数据产品服务规范（12页）.docx,起草单位,中国科学院空间应用工程与技术中心
GBT 38241-2019 深空探测器与地面数据接收系统对接试验规范.docx,起草单位,中国科学院国家天文台
GBT 38241-2019 深空探测器与地面数据接收系统对接试验规范.docx,起草单位,中国航天科技集团公司第五研究院总体部
GBT 38242-2019  月球与行星近景摄影测量相机与地形测量能力地面验证试验规范（4页 ）.docx,起草单位,中国科学院国家天文台
GBT 38242-2019  月球与行星近景摄影测量相机与地形测量能力地面验证试验规范（4页 ）.docx,起草单位,中国科学院西安光学精密机械研究所
GB_T 12085.11-2010.docx,起草单位,上海理工大学
GB_T 12085.11-2010.docx,起草单位,宁波永新光学股份有限公司
GB_T 12085.12-2010.docx,起草单位,上海理工大学
GB_T 12085.12-2010.docx,起草单位,宁波永新光学股份有限公司
GB_T 12085.13-2010.docx,起草单位,上海理工大学
GB_T 12085.13-2010.docx,起草单位,宁波永新光学股份有限公司
GB_T 12085.14-2010.docx,起草单位,上海理工大学
GB_T 12085.14-2010.docx,起草单位,宁波永新光学股份有限公司
GB_T 12085.15-2010.docx,起草单位,上海理工大学
GB_T 12085.15-2010.docx,起草单位,宁波永新光学股份有限公司
GB_T 12085.16-2010.docx,起草单位,上海理工大学
GB_T 12085.16-2010.docx,起草单位,宁波永新光学股份有限公司
GB_T 16709.1-2010.docx,起草单位,沈阳真空技术研究所
GB_T 16709.1-2010.docx,起草单位,上海真空阀门制造有限公司
GB_T 16709.1-2010.docx,起草单位,北京巨友行科技发展有限公司
GB_T 16709.2-2010.docx,起草单位,沈阳真空技术研究所
GB_T 16709.2-2010.docx,起草单位,上海真空阀门制造有限公司
GB_T 16709.2-2010.docx,起草单位,北京巨友行科技发展有限公司
20210617145326.docx,起草单位,中国航天科技集团有限公司第五研究院
20210617145326.docx,起草单位,哈尔滨工业大学
20210617145326.docx,起草单位,中国科学院长春光学精密机械与物理研究所
20210617145326.docx,起草单位,中国航天科技集团有限公司第八研究院
20210617145326.docx,起草单位,航天恒星科技有限公司
20210617145326.docx,起草单位,北京跟踪与通信技术研究所
20210617145326.docx,起草单位,中国航天员科研训练中心
20210617145326.docx,起草单位,中国科学院空间应用工程与技术中心
20210617145326.docx,起草单位,北京航天飞行控制中心
20210617145412.docx,起草单位,中国航天科技集团有限公司第五研究院
20210617145412.docx,起草单位,中国科学院空间应用工程与技术中心
20210617145412.docx,起草单位,中国航天员科研训练中心
20210617145547.docx,起草单位,中国航天员科研训练中心
20210617145632.docx,起草单位,中国航天员科研训练中心
20210617145714.docx,起草单位,中国航天员科研训练中心
20210617145752.docx,起草单位,中国航天科技集团有限公司第五研究院
20210617145752.docx,起草单位,战略支援部队航天工程研究所
20210617145752.docx,起草单位,中国航天科技集团有限公司第六研究院
20210617145752.docx,起草单位,战略支援部队第二十七试验基地
20210617145901.docx,起草单位,中国西安卫星测控中心
20210617145901.docx,起草单位,气象水文空间环境中心
20210617145901.docx,起草单位,北京航天飞行控制中心
20210617145901.docx,起草单位,中国酒泉卫星发射中心
20210617145901.docx,起草单位,内蒙古自治区气象局
20210617145946.docx,起草单位,中国西安卫星测控中心
20210617145946.docx,起草单位,中国酒泉卫星发射中心
20210617145946.docx,起草单位,中国航天员科研训练中心
20210617145946.docx,起草单位,战略支援部队航天工程研究所
20210617150030.docx,起草单位,北京航天时代光电科技有限公司
20210617150030.docx,起草单位,北京航天时代激光导航技术有限责任公司
20210617150118.docx,起草单位,中国航天科技集团有限公司第五研究院
20210617150118.docx,起草单位,第八研究院，中国外运股份有限公司，文昌卫星发射中心
20210617150200.docx,起草单位,中国科学院空间应用工程与技术中心
20210617150200.docx,起草单位,中国科学院国家空间科学中心
20210617150200.docx,起草单位,中国航天科技集团有限公司第五研究院
20210617150200.docx,起草单位,中国航天员科研训练中心
20210617150200.docx,起草单位,战略支援部队航天工程研究所
20210617150253.docx,起草单位,中国航天科技集团有限公司第五研究院
20210617150253.docx,起草单位,第一研究院
20210617150253.docx,起草单位,第八研究院，北京航天飞行控制中心，战略支援部队航天工程研究所
20210617150334.docx,起草单位,中国航天科技集团有限公司第五研究院
20210617150334.docx,起草单位,第八研究院
20210617150334.docx,起草单位,第六研究院，战略支援部队航天工程研究所，北京航天飞行控制中心
20210617150419.docx,起草单位,中国航天科技集团有限公司第五研究院
20210617150451.docx,起草单位,中国航天科技集团有限公司第八研究院
20210617150451.docx,起草单位,第五研究院
20210617164400.docx,起草单位,中国酒泉卫星发射中心
20210617164400.docx,起草单位,中国西昌卫星发射中心
20210617164553.docx,起草单位,中国科学院空间应用工程与技术中心，中国航天员科研训练中心，中国航天科技集团有限公司第五研究院，中国西安卫星测控中心，中国科学院上海技术物理研究所
20210617164553.docx,起草单位,力学研究所
20210617164553.docx,起草单位,物理研究所
20210617164553.docx,起草单位,国家授时中心
20210617164553.docx,起草单位,上海光学精密机械研究所
20210617164731.docx,起草单位,中国航天科技集团有限公司第五研究院，中国航天员科研训练中心，中国航天科技集团有限公司第七研究院，中国航天科技集团有限公司第八研究院，中国科学院空间应用工程与技术
20210617170052.docx,起草单位,北京航天飞行控制中心
20210617170224.docx,起草单位,中国航天科技集团有限公司第五研究院
20210617170224.docx,起草单位,北京航天飞行控制中心
20210617170224.docx,起草单位,中国航天科技集团有限公司第八研究院
20210617170416.docx,起草单位,中国航天科技集团有限公司第一研究院
20210617170644.docx,起草单位,战略支援部队航天工程研究所
20210617170831.docx,起草单位,中国航天科技集团有限公司第五研究院，战略支援部队航天工程研究所，中国航天员科研训练中心，中国科学院空间应用工程与技术中心
20210617171051.docx,起草单位,中国航天科技集团有限公司第五研究院
20210617171051.docx,起草单位,第七研究院
20210617171051.docx,起草单位,第八研究院，中国航天员科研训练中心
20210617171051.docx,起草单位,中国科学院空间应用工程与技术中心
CMS 1-2015载人飞船搭载要求.docx,起草单位,中国航天科技集团公司第五研究院
CMS 1-2015载人飞船搭载要求.docx,起草单位,中国人民解放军航天员科研训练中心
CMS 1-2015载人飞船搭载要求.docx,起草单位,中国科学院空间应用工程与技术中心
CMS 10-2015载人航天工程有效载荷生物安全通用要求.docx,起草单位,中国科学院空间应用工程与技术中心
CMS 10-2015载人航天工程有效载荷生物安全通用要求.docx,起草单位,中国人民解放军航天员科研训练中心
CMS 10-2015载人航天工程有效载荷生物安全通用要求.docx,起草单位,航天恒星科技有限公司
CMS 10-2015载人航天工程有效载荷生物安全通用要求.docx,起草单位,中国科学院武汉病毒所
CMS 100 空间站货物管理要求 第4部分：在轨使用.docx,起草单位,中国航天科技集团有限公司第五研究院
CMS 100 空间站货物管理要求 第4部分：在轨使用.docx,起草单位,第七研究院
CMS 100 空间站货物管理要求 第4部分：在轨使用.docx,起草单位,第八研究院，中国航天员科研训练中心
CMS 100 空间站货物管理要求 第4部分：在轨使用.docx,起草单位,中国科学院空间应用工程与技术中心
CMS 101 空间站载荷入站确认要求.docx,起草单位,中国航天科技集团有限公司第五研究院
CMS 101 空间站载荷入站确认要求.docx,起草单位,第八研究院，中国科学院空间应用工程与技术中心，中国航天员科研训练中心，战略支援部队航天工程研究所，中国电子科技集团公司电子科学研究院
CMS 102 航天医学实验通用要求      第1部分：地面模拟实验.docx,起草单位,中国航天员科研训练中心
CMS 102 航天医学实验通用要求      第1部分：地面模拟实验.docx,起草单位,战略支援部队特色医学中心
CMS 103 空间站有效载荷医学要求与评价方法.docx,起草单位,中国航天员科研训练中心
CMS 103 空间站有效载荷医学要求与评价方法.docx,起草单位,中国航天科技集团有限公司第五研究院
CMS 103 空间站有效载荷医学要求与评价方法.docx,起草单位,中国科学院空间应用工程与技术中心
CMS 104 航天员出舱活动训练规程      第4部分：低压环境出舱活动训练.docx,起草单位,中国航天员科研训练中心
CMS 105 空间站舱内标准单元对载荷接口要求.docx,起草单位,中国航天科技集团有限公司第五研究院
CMS 105 空间站舱内标准单元对载荷接口要求.docx,起草单位,中国航天员科研训练中心
CMS 106 载人航天器密封舱温湿度控制设计验证方法（14页）.docx,起草单位,中国航天科技集团有限公司第五研究院
CMS 106 载人航天器密封舱温湿度控制设计验证方法（14页）.docx,起草单位,中国航天员科研训练中心
CMS 106 载人航天器密封舱温湿度控制设计验证方法（14页）.docx,起草单位,中国航天科技集团有限公司第八研究院
CMS 107 飞行手册设计要求    第1部分：总则.docx,起草单位,中国航天员科研训练中心
CMS 108 飞行手册设计要求    第3部分：应急与故障处理.docx,起草单位,中国航天员科研训练中心
CMS 109 飞行手册设计要求    第4部分：航天员操作指南.docx,起草单位,中国航天员科研训练中心
CMS 11-2015载人航天任务无线联试要求.docx,起草单位,中国人民解放军总装备部测量通信总体研究所
CMS 11-2015载人航天任务无线联试要求.docx,起草单位,航天指挥控制中心，中国航天科技集团公司第五研究院
CMS 110 飞行手册设计要求    第5部分：交会对接.docx,起草单位,中国航天员科研训练中心
CMS 111 空间站货物管理要求  第1部分：总则.docx,起草单位,中国航天科技集团有限公司第五研究院
CMS 111 空间站货物管理要求  第1部分：总则.docx,起草单位,中国航天员科研训练中心
CMS 111 空间站货物管理要求  第1部分：总则.docx,起草单位,中国科学院空间应用工程与技术中心
CMS 111 空间站货物管理要求  第1部分：总则.docx,起草单位,中国航天科技集团有限公司第七研究院
CMS 111 空间站货物管理要求  第1部分：总则.docx,起草单位,中国航天科技集团有限公司第八研究院
CMS 13-2015载人航天工程空间科学地面对比实验技术要求.docx,起草单位,中国科学院空间应用工程与技术中心
CMS 14-2016载人航天空间应用数据开放和共享原则.docx,起草单位,中国科学院空间应用工程与技术中心
CMS 14-2016载人航天空间应用数据开放和共享原则.docx,起草单位,中国航天员科研训练中心
CMS 14-2016载人航天空间应用数据开放和共享原则.docx,起草单位,中国航天科技集团公司卫星应用研究院
CMS 15-2016载人航天软件产品保证通用要求.docx,起草单位,中国航天科技集团公司第五研究院
CMS 15-2016载人航天软件产品保证通用要求.docx,起草单位,第一研究院
CMS 15-2016载人航天软件产品保证通用要求.docx,起草单位,第八研究院，北京航天飞行控制中心，北京测量与通信技术研究所，中国航天员科研训练中心，中国酒泉卫星发射中心，中国科学院空间应用工程与技术中心
CMS 17-2016空间站舱外载荷接口要求.docx,起草单位,中国航天科技集团公司第五研究院
CMS 17-2016空间站舱外载荷接口要求.docx,起草单位,航天装备总体研究发展论证中心
CMS 17-2016空间站舱外载荷接口要求.docx,起草单位,中国航天员科研训练中心
CMS 17-2016空间站舱外载荷接口要求.docx,起草单位,中国科学院空间应用工程与技术中心
CMS 17-2016空间站舱外载荷接口要求.docx,起草单位,航天恒星科技有限公司
CMS 17-2016空间站舱外载荷接口要求.docx,起草单位,中国航天科技集团公司第八研究院
CMS 20-2016载人航天器密封舱有害气体控制要求.docx,起草单位,中国航天科技集团公司第五研究院，中国航天员科研训练中心，中国科学院空间应用工程与技术中心
CMS 21-2016交会对接九自由度半物理仿真试验方法.docx,起草单位,中国航天科技集团公司第五研究院
CMS 26-2016载人航天工程科学实验柜通用设计要求.docx,起草单位,中国科学院空间应用工程与技术中心
CMS 26-2016载人航天工程科学实验柜通用设计要求.docx,起草单位,中国科学院沈阳自动化研究所
CMS 26-2016载人航天工程科学实验柜通用设计要求.docx,起草单位,中国航天员科研训练中心
CMS 27-2016载人航天器在轨寿命评估准则.docx,起草单位,中国航天科技集团公司第五研究院，北京航天飞行控制中心，中国航天科技集团公司第六研究院
CMS 27-2016载人航天器在轨寿命评估准则.docx,起草单位,第八研究院
CMS 28-2016载人航天器准实时轨道确定与分析方法（因有错误失效版本）.docx,起草单位,北京测量与通信技术研究所
CMS 28-2016载人航天器准实时轨道确定与分析方法（因有错误失效版本）.docx,起草单位,北京航天飞行控制中心
CMS 28-2016载人航天器准实时轨道确定与分析方法（有效版本）.docx,起草单位,北京测量与通信技术研究所
CMS 28-2016载人航天器准实时轨道确定与分析方法（有效版本）.docx,起草单位,北京航天飞行控制中心
CMS 29-2016交会对接远距离导引精度分析方法.docx,起草单位,北京测量与通信技术研究所
CMS 29-2016交会对接远距离导引精度分析方法.docx,起草单位,北京航天飞行控制中心
CMS 29-2016交会对接远距离导引精度分析方法.docx,起草单位,中国航天科技集团第五研究院
CMS 30-2016载人航天工程发射场系统地面设施设备任务准备检查评审要求.docx,起草单位,北京特种工程设计研究所
CMS 31-2016着陆场应急搜救回收规程.docx,起草单位,中国西安卫星测控中心
CMS 31-2016着陆场应急搜救回收规程.docx,起草单位,中国酒泉卫星发射中心
CMS 31-2016着陆场应急搜救回收规程.docx,起草单位,北京测量与通信技术研究所
CMS 31-2016着陆场应急搜救回收规程.docx,起草单位,北京航天飞行控制中心
CMS 31-2016着陆场应急搜救回收规程.docx,起草单位,中国航天员科研训练中心
CMS 32-2017 航天员出舱活动设计准则 第1部分：航天员.docx,起草单位,中国航天员科研训练中心
CMS 32-2017 航天员出舱活动设计准则 第1部分：航天员.docx,起草单位,中国航天科技集团公司第五研究院
CMS 33-2017 航天员出舱活动设计准则 第2部分：航天器.docx,起草单位,中国航天科技集团公司第五研究院
CMS 33-2017 航天员出舱活动设计准则 第2部分：航天器.docx,起草单位,北京跟踪与通信技术研究所
CMS 33-2017 航天员出舱活动设计准则 第2部分：航天器.docx,起草单位,中国航天员科研训练中心
CMS 33-2017 航天员出舱活动设计准则 第2部分：航天器.docx,起草单位,中国航天科技集团公司第八研究院
CMS 34-2017 航天员与载人航天器联合测试规程.docx,起草单位,中国航天员科研训练中心
CMS 35-2017 载人航天器交会对接仿真试验方法 第1部分：总则.docx,起草单位,中国航天科技集团公司第五研究院
CMS 35-2017 载人航天器交会对接仿真试验方法 第1部分：总则.docx,起草单位,第八研究院，北京跟踪与通信技术研究所
CMS 35-2017 载人航天器交会对接仿真试验方法 第1部分：总则.docx,起草单位,北京航天飞行控制中心
CMS 36-2017 载人航天器医学评价有害气体采样要求.docx,起草单位,中国人民解放军航天员科研训练中心
CMS 37-2017 载人航天器空间碎片与微流星体防护要求.docx,起草单位,中国航天科技集团公司第五研究院
CMS 37-2017 载人航天器空间碎片与微流星体防护要求.docx,起草单位,第八研究院，中国航天员科研训练中心
CMS 38-2017 载人航天器密封舱防火安全设计要求.docx,起草单位,中国航天科技集团公司第五研究院
CMS 38-2017 载人航天器密封舱防火安全设计要求.docx,起草单位,中国航天员科研训练中心
CMS 38-2017 载人航天器密封舱防火安全设计要求.docx,起草单位,中国科学院空间应用工程与技术中心
CMS 38-2017 载人航天器密封舱防火安全设计要求.docx,起草单位,中国航天科技集团公司第八研究院
CMS 40-2017 空间站接地要求.docx,起草单位,中国航天科技集团公司第五研究院
CMS 40-2017 空间站接地要求.docx,起草单位,第八研究院，中国科学院空间应用工程与技术中心，中国航天员科研训练中心
CMS 41-2017 载人运载火箭逃逸状态电气系统匹配测试方法.docx,起草单位,中国航天科技集团公司第一研究院第一设计部
CMS 42-2017 载人运载火箭姿控故障半实物仿真试验方法.docx,起草单位,中国航天科技集团公司第一研究院第一设计部
CMS 44-2017 载人航天器飞控协同规程 第1部分：发射、返回与离轨段.docx,起草单位,北京航天飞行控制中心
CMS 45-2017 载人航天器飞控协同规程 第2部分：空间交会对接与撤离段.docx,起草单位,北京航天飞行控制中心
CMS 46-2017 载人航天器飞控协同规程 第4部分：异常处置.docx,起草单位,北京航天飞行控制中心
CMS 47-2017 出舱活动模拟失重水下试验通用规程.docx,起草单位,中国航天员科研训练中心
CMS 47-2017 出舱活动模拟失重水下试验通用规程.docx,起草单位,中国航天科技集团公司第五研究院
CMS 47-2017 出舱活动模拟失重水下试验通用规程.docx,起草单位,中国航天科技集团公司第八研究院
CMS 47-2017 出舱活动模拟失重水下试验通用规程.docx,起草单位,中国科学院空间应用工程与技术中心
CMS 51-2018载人航天工程设计复核复算管理要求.docx,起草单位,中国载人航天工程办公室，中国航天科技集团有限公司第七O八研究所
CMS 51-2018载人航天工程设计复核复算管理要求.docx,起草单位,第一研究院，北京天问空间科技有限公司，中国航天科技集团有限公司第八研究院，中国科学院空间应用工程与技术中心，中国航天员科研训练中心，北京跟踪与通信技术研究所，北京特种工程设计研究院
CMS 52-2018载人航天工程技术状态管理要求.docx,起草单位,中国载人航天工程办公室，中国航天科技集团有限公司第七0八研究所
CMS 52-2018载人航天工程技术状态管理要求.docx,起草单位,第一研究院
CMS 52-2018载人航天工程技术状态管理要求.docx,起草单位,第八研究院，中国科学院空间应用工程与技术中心，中国航天员科研训练中心，北京跟踪与通信技术研究所，北京特种工程设计研究院
CMS 53-2018载人航天工程技术风险管理要求.docx,起草单位,中国载人航天工程办公室，中国航天科技集团有限公司第七O八研究所
CMS 53-2018载人航天工程技术风险管理要求.docx,起草单位,第一研究院
CMS 53-2018载人航天工程技术风险管理要求.docx,起草单位,第八研究院，中国科学院空间应用工程与技术中心，中国航天员科研训练中心，北京跟踪与通信技术研究所，北京特种工程设计研究院
CMS 54-2018载人航天工程技术评审管理要求.docx,起草单位,中国载人航天工程办公室，中国航天科技集团有限公司第七O八研究所，北京天问空间科技有限公司，中国航天科技集团有限公司第八研究院，中国航天员科研训练中心，中国科学院空间应用工程与技术中心，北京跟踪与通信技术研究所，北京特种工程设计研究院
CMS 55-2018载人航天工程飞行任务放行准则.docx,起草单位,中国载人航天工程办公室，中国航天科技集团有限公司第七O八研究所
CMS 55-2018载人航天工程飞行任务放行准则.docx,起草单位,第一研究院，北京天问空间科技有限公司，中国航天科技集团有限公司第八研究院，中国科学院空间应用工程与技术中心，中国航天员科研训练中心，北京跟踪与通信技术研究所，北京特种工程设计研究院
CMS 56-2018载人航天工程飞行任务大纲编制要求.docx,起草单位,中国载人航天工程办公室，中国航天科技集团有限公司第七O八研究所
CMS 56-2018载人航天工程飞行任务大纲编制要求.docx,起草单位,第八研究院，中国科学院空间应用工程与技术中心，中国航天员科研训练中心，北京跟踪与通信技术研究所，北京特种工程设计研究院
CMS 59-2018载人航天着陆场演练规程.docx,起草单位,中国西安卫星测控中心
CMS 61-2018空间站应用有效载荷在轨可更换单元设计要求 第1部分：舱内.docx,起草单位,中国科学院空间应用工程与技术中心，中国航天员科研训练中心，中国航天科技集团有限公司第五研究院，中国科学院沈阳自动化研究所
CMS 61-2018空间站应用有效载荷在轨可更换单元设计要求 第1部分：舱内.docx,起草单位,上海技术物理研究所
CMS 62-2018空间站应用有效载荷在轨可更换单元设计要求 第2部分：舱外.docx,起草单位,中国科学院空间应用工程与技术中心
CMS 62-2018空间站应用有效载荷在轨可更换单元设计要求 第2部分：舱外.docx,起草单位,中国航天员科研训练中心
CMS 62-2018空间站应用有效载荷在轨可更换单元设计要求 第2部分：舱外.docx,起草单位,中国航天科技集团有限公司第五研究院
CMS 62-2018空间站应用有效载荷在轨可更换单元设计要求 第2部分：舱外.docx,起草单位,中国科学院上海技术物理研究所
CMS 63-2018空间站应用有效载荷通信要求 第1部分：总则.docx,起草单位,中国科学院空间应用工程与技术中心
CMS 63-2018空间站应用有效载荷通信要求 第1部分：总则.docx,起草单位,中国航天员科研训练中心
CMS 63-2018空间站应用有效载荷通信要求 第1部分：总则.docx,起草单位,中国航天科技集团有限公司第五研究院
CMS 64-2018空间站应用有效载荷通信要求第2部分：应用信息网.docx,起草单位,中国科学院空间应用工程与技术中心
CMS 64-2018空间站应用有效载荷通信要求第2部分：应用信息网.docx,起草单位,中国航天员科研训练中心
CMS 64-2018空间站应用有效载荷通信要求第2部分：应用信息网.docx,起草单位,中国航天科技集团有限公司第五研究院
CMS 65-2018空间站应用有效载荷通信要求第3部分：接口要求.docx,起草单位,中国科学院空间应用工程与技术中心
CMS 65-2018空间站应用有效载荷通信要求第3部分：接口要求.docx,起草单位,中国航天员科研训练中心
CMS 65-2018空间站应用有效载荷通信要求第3部分：接口要求.docx,起草单位,中国航天科技集团有限公司第五研究院
CMS 66-2018载人航天空间遥科学实验设计通用要求.docx,起草单位,中国科学院空间应用工程与技术中心，北京天问空间科技有限公司，中国科学院力学研究所
CMS 66-2018载人航天空间遥科学实验设计通用要求.docx,起草单位,物理研究所
CMS 66-2018载人航天空间遥科学实验设计通用要求.docx,起草单位,上海植物生理生态研究所
CMS 66-2018载人航天空间遥科学实验设计通用要求.docx,起草单位,上海光学精密机械研究所
CMS 66-2018载人航天空间遥科学实验设计通用要求.docx,起草单位,上海技术物理研究所，清华大学，北京跟踪与通信技术研究所，中国航天科技集团有限公司第五研究院
CMS 68-2018载人航天器交会对接绕飞技术要求.docx,起草单位,中国航天科技集团有限公司第五研究院
CMS 68-2018载人航天器交会对接绕飞技术要求.docx,起草单位,北京航天飞行控制中心
CMS 68-2018载人航天器交会对接绕飞技术要求.docx,起草单位,北京跟踪与通信技术研究所
CMS 69-2018载人航天器密封舱微生物控制要求.docx,起草单位,中国航天科技集团有限公司第五研究院
CMS 69-2018载人航天器密封舱微生物控制要求.docx,起草单位,中国科学院空间应用工程与技术中心
CMS 69-2018载人航天器密封舱微生物控制要求.docx,起草单位,中国航天科技集团有限公司第八研究院
CMS 69-2018载人航天器密封舱微生物控制要求.docx,起草单位,中国航天员科研训练中心
CMS 69-2018载人航天器密封舱微生物控制要求.docx,起草单位,北京跟踪与通信技术研究所
CMS 70-2018空间站货物管理要求第2部分：上行标准接口.docx,起草单位,中国航天科技集团有限公司第五研究院
CMS 70-2018空间站货物管理要求第2部分：上行标准接口.docx,起草单位,第七研究院，中国航天员科研训练中心，北京跟踪与通信技术研究所，中国科学院空间应用工程与技术中心
CMS 71-2018空间站货物管理要求第5部分：废弃物处理.docx,起草单位,中国航天科技集团有限公司第五研究院
CMS 71-2018空间站货物管理要求第5部分：废弃物处理.docx,起草单位,第七研究院
CMS 71-2018空间站货物管理要求第5部分：废弃物处理.docx,起草单位,第八研究院，中国航天员科研训练中心，中国科学院空间应用工程与技术中心
CMS 72-2018载人航天发射场空间站地面设施设计使用要求.docx,起草单位,北京特种工程设计研究院
CMS 73-2018着陆场航天员医监医保规程.docx,起草单位,中国航天员科研训练中心
CMS 74-2018着陆场（区）航天员医疗救护规程.docx,起草单位,中国航天员科研训练中心
CMS 75-2018载人航天着陆场有效载荷回收规程.docx,起草单位,中国西安卫星测控中心
CMS 75-2018载人航天着陆场有效载荷回收规程.docx,起草单位,中国酒泉卫星发射中心
CMS 75-2018载人航天着陆场有效载荷回收规程.docx,起草单位,北京跟踪与通信技术研究所
CMS 75-2018载人航天着陆场有效载荷回收规程.docx,起草单位,中国科学院空间应用工程与技术中心
CMS 76-2021 空间站机械臂接口要求.docx,起草单位,中国航天科技集团有限公司第五研究院
CMS 76-2021 空间站机械臂接口要求.docx,起草单位,哈尔滨工业大学
CMS 76-2021 空间站机械臂接口要求.docx,起草单位,中国科学院长春光学精密机械与物理研究所
CMS 76-2021 空间站机械臂接口要求.docx,起草单位,中国航天科技集团有限公司第八研究院
CMS 76-2021 空间站机械臂接口要求.docx,起草单位,航天恒星科技有限公司
CMS 76-2021 空间站机械臂接口要求.docx,起草单位,北京跟踪与通信技术研究所
CMS 76-2021 空间站机械臂接口要求.docx,起草单位,中国航天员科研训练中心
CMS 76-2021 空间站机械臂接口要求.docx,起草单位,中国科学院空间应用工程与技术中心
CMS 76-2021 空间站机械臂接口要求.docx,起草单位,北京航天飞行控制中心
CMS 77 载人航天器交会对接仿真试验方法 第2部分：轨道与姿态仿真试验.docx,起草单位,中国航天科技集团有限公司第五研究院
CMS 77 载人航天器交会对接仿真试验方法 第2部分：轨道与姿态仿真试验.docx,起草单位,北京航天飞行控制中心
CMS 77 载人航天器交会对接仿真试验方法 第2部分：轨道与姿态仿真试验.docx,起草单位,中国航天科技集团有限公司第八研究院
CMS 78 载人航天器交会对接仿真试验方法 第3部分：对接动力学仿真试验.docx,起草单位,中国航天科技集团有限公司第八研究院
CMS 78 载人航天器交会对接仿真试验方法 第3部分：对接动力学仿真试验.docx,起草单位,第五研究院
CMS 79 载人航天器交会对接仿真试验方法 第4部分：交会测量仿真试验.docx,起草单位,中国航天科技集团有限公司第五研究院
CMS 8-2015载人航天器乘员舱非金属材料选用医学要求与评价方法.docx,起草单位,中国人民解放军航天员科研训练中心
CMS 8-2015载人航天器乘员舱非金属材料选用医学要求与评价方法.docx,起草单位,中国航天科技集团公司第五研究院
CMS 80 载人航天器交会对接仿真试验方法 第5部分：交会对接环境影响仿真试验.docx,起草单位,中国航天科技集团有限公司第五研究院
CMS 80 载人航天器交会对接仿真试验方法 第5部分：交会对接环境影响仿真试验.docx,起草单位,第八研究院
CMS 80 载人航天器交会对接仿真试验方法 第5部分：交会对接环境影响仿真试验.docx,起草单位,第六研究院，战略支援部队航天工程研究所，北京航天飞行控制中心
CMS 81 载人航天器交会对接仿真试验方法 第6部分：全任务联合仿真试验.docx,起草单位,中国航天科技集团有限公司第五研究院
CMS 81 载人航天器交会对接仿真试验方法 第6部分：全任务联合仿真试验.docx,起草单位,第一研究院
CMS 81 载人航天器交会对接仿真试验方法 第6部分：全任务联合仿真试验.docx,起草单位,第八研究院，北京航天飞行控制中心，战略支援部队航天工程研究所
CMS 82 载人航天工程空间应用舱外有效载荷通用设计要求.docx,起草单位,中国科学院空间应用工程与技术中心
CMS 82 载人航天工程空间应用舱外有效载荷通用设计要求.docx,起草单位,中国科学院国家空间科学中心
CMS 82 载人航天工程空间应用舱外有效载荷通用设计要求.docx,起草单位,中国航天科技集团有限公司第五研究院
CMS 82 载人航天工程空间应用舱外有效载荷通用设计要求.docx,起草单位,中国航天员科研训练中心
CMS 82 载人航天工程空间应用舱外有效载荷通用设计要求.docx,起草单位,战略支援部队航天工程研究所
CMS 83 载人航天器海上运输要求.docx,起草单位,中国航天科技集团有限公司第五研究院
CMS 83 载人航天器海上运输要求.docx,起草单位,第八研究院，中国外运股份有限公司，文昌卫星发射中心
CMS 84 光学陀螺捷联惯组测试方法.docx,起草单位,北京航天时代光电科技有限公司
CMS 84 光学陀螺捷联惯组测试方法.docx,起草单位,北京航天时代激光导航技术有限责任公司
CMS 85 载人航天着陆场搜救安全管理要求.docx,起草单位,中国西安卫星测控中心
CMS 85 载人航天着陆场搜救安全管理要求.docx,起草单位,中国酒泉卫星发射中心
CMS 85 载人航天着陆场搜救安全管理要求.docx,起草单位,中国航天员科研训练中心
CMS 85 载人航天着陆场搜救安全管理要求.docx,起草单位,战略支援部队航天工程研究所
CMS 86 载人航天着陆场任务气象保障规程.docx,起草单位,中国西安卫星测控中心
CMS 86 载人航天着陆场任务气象保障规程.docx,起草单位,气象水文空间环境中心
CMS 86 载人航天着陆场任务气象保障规程.docx,起草单位,北京航天飞行控制中心
CMS 86 载人航天着陆场任务气象保障规程.docx,起草单位,中国酒泉卫星发射中心
CMS 86 载人航天着陆场任务气象保障规程.docx,起草单位,内蒙古自治区气象局
CMS 87 货运飞船系统与文昌发射场系统接口要求.docx,起草单位,中国航天科技集团有限公司第五研究院
CMS 87 货运飞船系统与文昌发射场系统接口要求.docx,起草单位,战略支援部队航天工程研究所
CMS 87 货运飞船系统与文昌发射场系统接口要求.docx,起草单位,中国航天科技集团有限公司第六研究院
CMS 87 货运飞船系统与文昌发射场系统接口要求.docx,起草单位,战略支援部队第二十七试验基地
CMS 88 航天员出舱活动训练规程 第1部分：舱外航天服操作训练.docx,起草单位,中国航天员科研训练中心
CMS 89 航天员出舱活动训练规程 第2部分：出舱前与返回后过闸程序训练.docx,起草单位,中国航天员科研训练中心
CMS 9-2015载人航天器非金属材料选用要求.docx,起草单位,中国航天科技集团公司第五研究院
CMS 9-2015载人航天器非金属材料选用要求.docx,起草单位,中国人民解放军航天员科研训练中心
CMS 90 航天员出舱活动训练规程 第3部分：模拟失重环境舱外活动及作业训练.docx,起草单位,中国航天员科研训练中心
CMS 92 空间站与来访飞行器数据接口要求.docx,起草单位,中国航天科技集团有限公司第五研究院
CMS 92 空间站与来访飞行器数据接口要求.docx,起草单位,中国科学院空间应用工程与技术中心
CMS 92 空间站与来访飞行器数据接口要求.docx,起草单位,中国航天员科研训练中心
CMS 93 载人航天发射场灾害性天气监测预警规程.docx,起草单位,中国酒泉卫星发射中心
CMS 93 载人航天发射场灾害性天气监测预警规程.docx,起草单位,中国西昌卫星发射中心
CMS 94 载人航天工程有效载荷激光安全通用要求.docx,起草单位,中国科学院空间应用工程与技术中心，中国航天员科研训练中心，中国航天科技集团有限公司第五研究院，中国西安卫星测控中心，中国科学院上海技术物理研究所
CMS 94 载人航天工程有效载荷激光安全通用要求.docx,起草单位,力学研究所
CMS 94 载人航天工程有效载荷激光安全通用要求.docx,起草单位,物理研究所
CMS 94 载人航天工程有效载荷激光安全通用要求.docx,起草单位,国家授时中心
CMS 94 载人航天工程有效载荷激光安全通用要求.docx,起草单位,上海光学精密机械研究所
CMS 95 载人航天器标志及使用要求.docx,起草单位,中国航天科技集团有限公司第五研究院，中国航天员科研训练中心，中国航天科技集团有限公司第七研究院，中国航天科技集团有限公司第八研究院，中国科学院空间应用工程与技术
CMS 96 载人航天飞行任务全区合练规程.docx,起草单位,北京航天飞行控制中心
CMS 97 载人运载火箭控制系统设计准则.docx,起草单位,中国航天科技集团有限公司第一研究院
CMS 98 载人航天任务上升段海上应急溅落区搜索打捞规程.docx,起草单位,战略支援部队航天工程研究所
CMS 99 空间站货物管理要求 第3部分：上行接口认证与交付验收.docx,起草单位,中国航天科技集团有限公司第五研究院，战略支援部队航天工程研究所，中国航天员科研训练中心，中国科学院空间应用工程与技术中心
工程标《载人航天器功耗统计要素与方法》和《空间站对来访飞行器并网供电接口要求》.docx,起草单位,中国航天科技集团有限公司第五研究院
工程标《载人航天器功耗统计要素与方法》和《空间站对来访飞行器并网供电接口要求》.docx,起草单位,第八研究院，中国航天员科研训练中心，中国科学院空间应用工程与技术中心	
JB-T 11107-2011.docx,起草单位,东台市海城机械密封弹簧厂
JB-T 11107-2011.docx,起草单位,宁波伏尔肯机械密封件制造有限公司
JB-T 11107-2011.docx,起草单位,丹东克隆集团有限公司
JB-T 11107-2011.docx,起草单位,四川大学
JB-T 11107-2011.docx,起草单位,合肥通用机械研究院
JB-T 5000.1-2007.docx,起草单位,西安重型机械研究所
JB-T 5000.11-2007.docx,起草单位,第一重型机械集团公司	
JB-T 5000.12-2007.docx,起草单位,大连重工·起重集团有限公司
JB-T 5000.13-2007.docx,起草单位,沈阳重型机械集团有限责任公司
JB-T 5000.14-2007.docx,起草单位,中国第二重型机械集团公司
JB-T 5000.15-2007.docx,起草单位,中国第二重型机械集团公司
JB-T 5000.2-2007.docx,起草单位,大连重工·起重集团有限公司
JB-T 5000.4-2007.docx,起草单位,第一重型机械集团公司	
JB-T 5000.5-2007.docx,起草单位,第一重型机械集团公司	
JB-T 5000.7-2007.docx,起草单位,沈阳重型机械集团有限责任公司
JB-T 5000.8-2007.docx,起草单位,第一重型机械集团公司	
JB-T 5000.9-2007.docx,起草单位,中信重型机械公司
JB-T 9389-2008.docx,起草单位,承德市金建检测仪器有限公司
JB-T 9389-2008.docx,起草单位,长春试验机研究所